file,subject,split
data/data/B/b (30).csv,B,train
data/data/A/a (4).csv,A,train
data/data/C/c (8).csv,C,train
data/data/B/b (22).csv,B,train
data/data/B/b (2).csv,B,train
data/data/A/a (36).csv,A,train
data/data/E/e (40).csv,E,train
data/data/B/b (24).csv,B,train
data/data/B/b (42).csv,B,train
data/data/E/e (36).csv,E,train
data/data/B/b (13).csv,B,train
data/data/D/d (37).csv,D,train
data/data/E/e (15).csv,E,train
data/data/C/c (10).csv,C,train
data/data/C/c (26).csv,C,train
data/data/B/b (29).csv,B,train
data/data/B/b (14).csv,B,train
data/data/C/c (41).csv,C,train
data/data/D/d (32).csv,D,train
data/data/B/b (12).csv,B,train
data/data/E/e (16).csv,E,train
data/data/A/a (27).csv,A,train
data/data/C/c (27).csv,C,train
data/data/C/c (48).csv,C,train
data/data/C/c (2).csv,C,train
data/data/D/d (17).csv,D,train
data/data/B/b (25).csv,B,train
data/data/C/c (14).csv,C,train
data/data/A/a (37).csv,A,train
data/data/A/a (46).csv,A,train
data/data/D/d (44).csv,D,train
data/data/D/d (24).csv,D,train
data/data/B/b (35).csv,B,train
data/data/B/b (36).csv,B,train
data/data/D/d (3).csv,D,train
data/data/A/a (25).csv,A,train
data/data/B/b (20).csv,B,train
data/data/B/b (7).csv,B,train
data/data/C/c (37).csv,C,train
data/data/B/b (37).csv,B,train
data/data/E/e (29).csv,E,train
data/data/B/b (8).csv,B,train
data/data/C/c (3).csv,C,train
data/data/C/c (12).csv,C,train
data/data/D/d (28).csv,D,train
data/data/D/d (13).csv,D,train
data/data/C/c (22).csv,C,train
data/data/E/e (19).csv,E,train
data/data/B/b (41).csv,B,train
data/data/A/a (10).csv,A,train
data/data/D/d (12).csv,D,train
data/data/A/a (12).csv,A,train
data/data/E/e (45).csv,E,train
data/data/D/d (18).csv,D,train
data/data/A/a (13).csv,A,train
data/data/A/a (17).csv,A,train
data/data/A/a (15).csv,A,train
data/data/C/c (35).csv,C,train
data/data/D/d (2).csv,D,train
data/data/A/a (21).csv,A,train
data/data/A/a (23).csv,A,train
data/data/B/b (50).csv,B,train
data/data/A/a (11).csv,A,train
data/data/B/b (31).csv,B,train
data/data/E/e (6).csv,E,train
data/data/C/c (6).csv,C,train
data/data/A/a (43).csv,A,train
data/data/C/c (45).csv,C,train
data/data/E/e (49).csv,E,train
data/data/B/b (1).csv,B,train
data/data/A/a (1).csv,A,train
data/data/E/e (30).csv,E,train
data/data/E/e (5).csv,E,train
data/data/D/d (9).csv,D,train
data/data/B/b (11).csv,B,train
data/data/E/e (2).csv,E,train
data/data/E/e (17).csv,E,train
data/data/D/d (16).csv,D,train
data/data/E/e (31).csv,E,train
data/data/E/e (37).csv,E,train
data/data/B/b (23).csv,B,train
data/data/A/a (31).csv,A,train
data/data/B/b (3).csv,B,train
data/data/C/c (21).csv,C,train
data/data/C/c (33).csv,C,train
data/data/C/c (38).csv,C,train
data/data/E/e (21).csv,E,train
data/data/B/b (39).csv,B,train
data/data/D/d (1).csv,D,train
data/data/A/a (38).csv,A,train
data/data/A/a (6).csv,A,train
data/data/B/b (46).csv,B,train
data/data/E/e (25).csv,E,train
data/data/C/c (25).csv,C,train
data/data/A/a (2).csv,A,train
data/data/C/c (36).csv,C,train
data/data/B/b (33).csv,B,train
data/data/D/d (46).csv,D,train
data/data/E/e (27).csv,E,train
data/data/C/c (29).csv,C,train
data/data/C/c (19).csv,C,train
data/data/B/b (9).csv,B,train
data/data/E/e (22).csv,E,train
data/data/D/d (25).csv,D,train
data/data/A/a (40).csv,A,train
data/data/E/e (44).csv,E,train
data/data/C/c (1).csv,C,train
data/data/D/d (27).csv,D,train
data/data/A/a (8).csv,A,train
data/data/B/b (45).csv,B,train
data/data/D/d (19).csv,D,train
data/data/E/e (35).csv,E,train
data/data/C/c (20).csv,C,train
data/data/B/b (6).csv,B,train
data/data/A/a (47).csv,A,train
data/data/B/b (19).csv,B,train
data/data/D/d (21).csv,D,train
data/data/A/a (29).csv,A,train
data/data/A/a (50).csv,A,train
data/data/A/a (7).csv,A,train
data/data/D/d (42).csv,D,train
data/data/B/b (28).csv,B,train
data/data/B/b (18).csv,B,train
data/data/D/d (5).csv,D,train
data/data/B/b (48).csv,B,train
data/data/C/c (11).csv,C,train
data/data/A/a (34).csv,A,train
data/data/C/c (28).csv,C,train
data/data/A/a (14).csv,A,train
data/data/D/d (43).csv,D,train
data/data/D/d (26).csv,D,train
data/data/A/a (5).csv,A,train
data/data/A/a (32).csv,A,train
data/data/B/b (26).csv,B,train
data/data/C/c (43).csv,C,train
data/data/A/a (41).csv,A,train
data/data/A/a (24).csv,A,train
data/data/C/c (17).csv,C,train
data/data/C/c (50).csv,C,train
data/data/E/e (18).csv,E,train
data/data/E/e (48).csv,E,train
data/data/D/d (8).csv,D,train
data/data/D/d (7).csv,D,train
data/data/D/d (36).csv,D,train
data/data/E/e (8).csv,E,train
data/data/A/a (18).csv,A,train
data/data/D/d (11).csv,D,train
data/data/A/a (42).csv,A,train
data/data/B/b (47).csv,B,train
data/data/E/e (28).csv,E,train
data/data/E/e (32).csv,E,train
data/data/C/c (42).csv,C,train
data/data/E/e (26).csv,E,train
data/data/D/d (4).csv,D,train
data/data/C/c (18).csv,C,train
data/data/D/d (31).csv,D,train
data/data/E/e (43).csv,E,train
data/data/E/e (13).csv,E,train
data/data/C/c (49).csv,C,train
data/data/E/e (46).csv,E,train
data/data/E/e (47).csv,E,train
data/data/B/b (43).csv,B,train
data/data/C/c (4).csv,C,train
data/data/E/e (1).csv,E,train
data/data/E/e (39).csv,E,train
data/data/C/c (15).csv,C,train
data/data/B/b (4).csv,B,train
data/data/D/d (49).csv,D,train
data/data/D/d (39).csv,D,train
data/data/D/d (40).csv,D,train
data/data/E/e (12).csv,E,train
data/data/D/d (33).csv,D,train
data/data/E/e (33).csv,E,train
data/data/A/a (39).csv,A,train
data/data/D/d (14).csv,D,train
data/data/A/a (49).csv,A,train
data/data/D/d (45).csv,D,train
data/data/B/b (5).csv,B,train
data/data/E/e (14).csv,E,train
data/data/A/a (45).csv,A,train
data/data/C/c (30).csv,C,train
data/data/B/b (38).csv,B,train
data/data/C/c (5).csv,C,train
data/data/C/c (23).csv,C,train
data/data/D/d (50).csv,D,train
data/data/A/a (33).csv,A,train
data/data/C/c (31).csv,C,train
data/data/B/b (44).csv,B,train
data/data/D/d (47).csv,D,train
data/data/D/d (6).csv,D,train
data/data/E/e (23).csv,E,train
data/data/E/e (4).csv,E,train
data/data/A/a (20).csv,A,train
data/data/D/d (30).csv,D,train
data/data/C/c (32).csv,C,train
data/data/C/c (9).csv,C,train
data/data/A/a (30).csv,A,train
data/data/D/d (23).csv,D,train
data/data/E/e (20).csv,E,train
data/data/E/e (41).csv,E,train
data/data/D/d (10).csv,D,test
data/data/A/a (16).csv,A,test
data/data/B/b (27).csv,B,test
data/data/B/b (21).csv,B,test
data/data/A/a (35).csv,A,test
data/data/E/e (24).csv,E,test
data/data/D/d (38).csv,D,test
data/data/B/b (32).csv,B,test
data/data/D/d (22).csv,D,test
data/data/B/b (15).csv,B,test
data/data/B/b (10).csv,B,test
data/data/B/b (17).csv,B,test
data/data/E/e (38).csv,E,test
data/data/A/a (22).csv,A,test
data/data/E/e (3).csv,E,test
data/data/B/b (16).csv,B,test
data/data/C/c (13).csv,C,test
data/data/C/c (7).csv,C,test
data/data/C/c (47).csv,C,test
data/data/A/a (3).csv,A,test
data/data/D/d (48).csv,D,test
data/data/D/d (34).csv,D,test
data/data/E/e (7).csv,E,test
data/data/A/a (44).csv,A,test
data/data/C/c (44).csv,C,test
data/data/D/d (20).csv,D,test
data/data/A/a (19).csv,A,test
data/data/A/a (9).csv,A,test
data/data/A/a (48).csv,A,test
data/data/C/c (34).csv,C,test
data/data/D/d (15).csv,D,test
data/data/D/d (29).csv,D,test
data/data/E/e (50).csv,E,test
data/data/E/e (34).csv,E,test
data/data/E/e (9).csv,E,test
data/data/D/d (35).csv,D,test
data/data/C/c (24).csv,C,test
data/data/E/e (10).csv,E,test
data/data/C/c (40).csv,C,test
data/data/B/b (49).csv,B,test
data/data/E/e (42).csv,E,test
data/data/E/e (11).csv,E,test
data/data/D/d (41).csv,D,test
data/data/B/b (34).csv,B,test
data/data/C/c (39).csv,C,test
data/data/B/b (40).csv,B,test
data/data/A/a (26).csv,A,test
data/data/C/c (16).csv,C,test
data/data/C/c (46).csv,C,test
data/data/A/a (28).csv,A,test
